{
  "officer_of": {
    "actors": 770370,
    "max": 36335,
    "var_ln_degree": 0.4025841448775829,
    "top1pct_share": 27.81033239031201,
    "top01pct_share": 14.76164540266933,
    "hill_alpha": 2.698388923491103,
    "R_net": {
      "0.0324": 12.42543657029577,
      "0.16": 2.516150905484893
    }
  },
  "intermediary_of": {
    "actors": 26608,
    "max": 35358,
    "var_ln_degree": 1.653711907047066,
    "top1pct_share": 62.65065675821073,
    "top01pct_share": 28.192319387315262,
    "hill_alpha": 1.8164286780220813,
    "R_net": {
      "0.0324": 51.040490958242785,
      "0.16": 10.335699419044163
    }
  }
}