{
  "N": 1720357,
  "overall_ubo_pct": 2.5502846211571204,
  "eta2_source": 0.8245539663692294,
  "eta2_jurisdiction": 0.20283386899750164,
  "eta2_cells": 0.8345844812186606,
  "jurisdiction_after_source": 0.010030514849431182,
  "source_after_jurisdiction": 0.6317506122211589
}