{
  "n_directors": 321869,
  "n_companies": 34769,
  "n_edges": 377060,
  "var_ln_centrality": 0.45910127158472724,
  "top1pct_share": 6.111411419955049,
  "hill_alpha": 3.965355180327402,
  "R_net": {
    "0.0324": 14.169792332861952,
    "0.16": 2.8693829474045454
  }
}