{
  "all": {
    "n": 22,
    "slope": 3.3094148081507107,
    "r2": 0.44263253610950465,
    "p_slope_eq_1": 0.01152854111649301
  },
  "drop_contaminated": {
    "n": 18,
    "slope": 0.47714440908274663,
    "r2": 0.051852345885911984,
    "p_slope_eq_1": 0.3205959301550383
  },
  "theilsen_slope_all": 2.336632280025086,
  "spearman_theta_V": 0.5096046011051489,
  "spearman_p": 0.015407665993641044,
  "contaminated_dropped": [
    "CHL",
    "PER",
    "BRA",
    "ARG"
  ]
}