{
  "n_cz": 435,
  "slope": 1.381604508421903,
  "slope_ci95": [
    -0.035244733173935616,
    2.7984537500177415
  ],
  "stderr": 0.7208749395659457,
  "r2": 0.00841184115445485,
  "intercept": -4.159678254660784,
  "implied_sigma_u2": 0.015612580386934477,
  "p_slope_eq_1": 0.5968249545167271,
  "p_slope_eq_0": 0.0559510214610505,
  "spearman_RM_V": 0.12999753074946072
}